-- phpMyAdmin SQL Dump
-- version 4.8.3
-- https://www.phpmyadmin.net/
--
-- Host: 127.0.0.1
-- Generation Time: Jul 11, 2019 at 07:20 AM
-- Server version: 10.1.36-MariaDB
-- PHP Version: 5.6.38

SET SQL_MODE = "NO_AUTO_VALUE_ON_ZERO";
SET AUTOCOMMIT = 0;
START TRANSACTION;
SET time_zone = "+00:00";


/*!40101 SET @OLD_CHARACTER_SET_CLIENT=@@CHARACTER_SET_CLIENT */;
/*!40101 SET @OLD_CHARACTER_SET_RESULTS=@@CHARACTER_SET_RESULTS */;
/*!40101 SET @OLD_COLLATION_CONNECTION=@@COLLATION_CONNECTION */;
/*!40101 SET NAMES utf8mb4 */;

--
-- Database: `sistempakar`
--

-- --------------------------------------------------------

--
-- Table structure for table `admin_accounts`
--

CREATE TABLE `admin_accounts` (
  `id` int(25) NOT NULL,
  `user_name` varchar(50) NOT NULL,
  `passwd` varchar(255) NOT NULL,
  `series_id` varchar(60) DEFAULT NULL,
  `remember_token` varchar(255) DEFAULT NULL,
  `expires` datetime DEFAULT NULL,
  `admin_type` varchar(10) NOT NULL
) ENGINE=InnoDB DEFAULT CHARSET=latin1;

--
-- Dumping data for table `admin_accounts`
--

INSERT INTO `admin_accounts` (`id`, `user_name`, `passwd`, `series_id`, `remember_token`, `expires`, `admin_type`) VALUES
(3, 'root', '$2y$10$syHHgu.lgAUcLH/p1bJNRuQcLqwBVDNsL5mYnS3uVL4gs7apT1pni', NULL, NULL, NULL, 'admin'),
(4, 'superadmin', '$2y$10$xpZc5KC.aU2XHkcqhuZGFuAnqmtL4Unt8MysOyylceq.19XIyoZpG', 'DJf6u76sLwu3CVpw', '$2y$10$ltxNketjQ7xG.XjwoDIqAOB5TxlUr6QQdzAFqkf6y8UMIKWDHX0Ji', '2018-12-21 15:17:46', 'super'),
(5, 'admin', '$2y$10$12mUh2Gm8whTplS1zqfdRenBp24osPFe7Llli3OKxn2ijYkHuxxve', NULL, NULL, NULL, 'admin'),
(6, 'chetanw', '$2y$10$iJSznl9t/iJmJWW1GcJyS.QJJ/pt8bR.jaixq5eZRzhbmGTW2QMLK', NULL, NULL, NULL, 'admin');

-- --------------------------------------------------------

--
-- Table structure for table `artikel`
--

CREATE TABLE `artikel` (
  `id_artikel` int(11) NOT NULL,
  `judul` varchar(50) NOT NULL,
  `isi` varchar(255) NOT NULL,
  `foto` varchar(50) NOT NULL,
  `tgl` date NOT NULL,
  `penerbit` varchar(50) NOT NULL,
  `created_at` timestamp NOT NULL DEFAULT CURRENT_TIMESTAMP ON UPDATE CURRENT_TIMESTAMP,
  `updated_at` timestamp NOT NULL DEFAULT '0000-00-00 00:00:00'
) ENGINE=InnoDB DEFAULT CHARSET=latin1;

-- --------------------------------------------------------

--
-- Table structure for table `customers`
--

CREATE TABLE `customers` (
  `id` int(10) NOT NULL,
  `f_name` varchar(25) NOT NULL,
  `l_name` varchar(25) NOT NULL,
  `gender` varchar(6) DEFAULT NULL,
  `address` varchar(100) DEFAULT NULL,
  `city` varchar(15) DEFAULT NULL,
  `state` varchar(30) DEFAULT NULL,
  `phone` varchar(15) DEFAULT NULL,
  `email` varchar(50) DEFAULT NULL,
  `date_of_birth` date DEFAULT NULL,
  `created_at` timestamp NULL DEFAULT NULL,
  `updated_at` timestamp NULL DEFAULT NULL
) ENGINE=InnoDB DEFAULT CHARSET=latin1;

--
-- Dumping data for table `customers`
--

INSERT INTO `customers` (`id`, `f_name`, `l_name`, `gender`, `address`, `city`, `state`, `phone`, `email`, `date_of_birth`, `created_at`, `updated_at`) VALUES
(18, 'bhushan', 'Chhadva', 'male', 'Padmavati', 'mumbai', 'Maharashtra', '34343432', 'bhusahan2@gmail.com', '1991-06-18', NULL, NULL),
(19, 'Jayant', 'atre', 'male', 'Priyadarshini A102, adwa2', 'wad', 'Maharashtra', '34343432', 'bhusahan2@gmail.com', '1998-05-18', NULL, NULL),
(21, 'bhushan', 'sutar', 'male', 'Priyadarshini A102, adwa2', 'mumbai', 'Maharashtra', '34343432', 'bhusahan2@gmail.com', '2016-11-24', NULL, NULL),
(23, 'Paolo', ' Accorti', 'male', 'Priyadarshini A102, adwa2', 'mumbai', 'Maharashtra', '34343432', 'bhusahan2@gmail.com', '1992-02-04', NULL, NULL),
(24, 'Roland', ' Mendel', 'male', 'Priyadarshini A102, adwa2', 'mumbai', 'Maharashtra', '34343432', 'bhusahan2@gmail.com', '2016-11-30', NULL, NULL),
(25, 'John', 'doe', 'male', 'City, view', '', 'Maharashtra', '8875207658', 'john@abc.com', '2017-01-27', NULL, NULL),
(26, 'Maria', 'Anders', 'female', 'New york city', '', 'Maharashtra', '8856705387', 'chetanshenai9@gmail.com', '2017-01-28', NULL, NULL),
(27, 'Ana', ' Trujillo', 'female', 'Street view', '', 'Maharashtra', '9975658478', 'chetanshenai9@gmail.com', '1992-07-16', NULL, NULL),
(28, 'Thomas', 'Hardy', 'male', '120 Hanover Sq', '', 'Maharashtra', '885115323', 'abc@abc.com', '1985-06-24', NULL, NULL),
(29, 'Christina', 'Berglund', 'female', 'Berguvsvägen 8', '', 'Maharashtra', '9985125366', 'chetanshenai9@gmail.com', '1997-02-12', NULL, NULL),
(30, 'Ann', 'Devon', 'male', '35 King George', '', 'Maharashtra', '8865356988', 'abc@abc.com', '1988-02-09', NULL, NULL),
(31, 'Helen', 'Bennett', 'female', 'Garden House Crowther Way', '', 'Maharashtra', '75207654', 'chetanshenai9@gmail.com', '1983-06-15', NULL, NULL),
(32, 'Annette', 'Roulet', 'female', '1 rue Alsace-Lorraine', '', ' ', '3410005687', 'abc@abc.com', '1992-01-13', NULL, NULL),
(33, 'Yoshi', 'Tannamuri', 'male', '1900 Oak St.', '', 'Maharashtra', '8855647899', 'chetanshenai9@gmail.com', '1994-07-28', NULL, NULL),
(34, 'Carlos', 'González', 'male', 'Barquisimeto', '', 'Maharashtra', '9966447554', 'abc@abc.com', '1997-06-24', NULL, NULL),
(35, 'Fran', ' Wilson', 'male', 'Priyadarshini ', '', 'Maharashtra', '5844775565', 'fran@abc.com', '1997-01-27', NULL, NULL),
(36, 'Jean', ' Fresnière', 'female', '43 rue St. Laurent', '', 'Maharashtra', '9975586123', 'chetanshenai9@gmail.com', '2002-01-28', NULL, NULL),
(37, 'Jose', 'Pavarotti', 'male', '187 Suffolk Ln.', '', 'Maharashtra', '875213654', ' Pavarotti@gmail.com', '1997-02-04', NULL, NULL),
(38, 'Palle', 'Ibsen', 'female', 'Smagsløget 45', '', 'Maharashtra', '9975245588', 'Palle@gmail.com', '1991-06-17', NULL, '2018-01-14 17:11:42'),
(39, 'Paula', 'Parente', 'male', 'Rua do Mercado, 12', '', 'Maharashtra', '659984878', 'abc@gmail.com', '1996-02-06', NULL, NULL),
(40, 'Matti', ' Karttunen', 'female', 'Keskuskatu 45', '', 'Maharashtra', '845555125', 'abc@abc.com', '1984-06-19', NULL, NULL);

-- --------------------------------------------------------

--
-- Table structure for table `gejala`
--

CREATE TABLE `gejala` (
  `id_gejala` int(12) NOT NULL,
  `nama_gejala` varchar(100) NOT NULL
) ENGINE=InnoDB DEFAULT CHARSET=latin1;

--
-- Dumping data for table `gejala`
--

INSERT INTO `gejala` (`id_gejala`, `nama_gejala`) VALUES
(1, 'Panas'),
(2, 'sakit kepala'),
(3, 'bersin'),
(4, 'batuk'),
(5, 'pilek,hidung buntu'),
(6, 'badan lemas'),
(7, 'kedinginan');

-- --------------------------------------------------------

--
-- Table structure for table `pengetahuan`
--

CREATE TABLE `pengetahuan` (
  `id_pengetahuan` int(11) NOT NULL,
  `kode_penyakit` varchar(100) NOT NULL,
  `id_gejala` int(12) NOT NULL,
  `mb` float NOT NULL,
  `md` float NOT NULL
) ENGINE=InnoDB DEFAULT CHARSET=latin1;

--
-- Dumping data for table `pengetahuan`
--

INSERT INTO `pengetahuan` (`id_pengetahuan`, `kode_penyakit`, `id_gejala`, `mb`, `md`) VALUES
(1, 'A', 2, 0.7, 0.2),
(2, 'A', 6, 0.8, 0.1),
(3, 'B', 1, 0.6, 0.2),
(4, 'B', 3, 0.7, 0.4),
(5, 'B', 4, 0.8, 0.1),
(6, 'D', 7, 0.7, 0.1),
(7, 'D', 6, 0.6, 0.2),
(8, 'D', 1, 0.8, 0.1),
(9, 'F', 1, 0.6, 0.2),
(10, 'F', 2, 0.7, 0.2),
(11, 'F', 3, 0.6, 0.2),
(12, 'F', 4, 0.6, 0.1),
(13, 'F', 5, 0.8, 0.1),
(14, 'F', 6, 0.7, 0.1),
(15, 'F', 7, 0.8, 0.05),
(16, 'G', 6, 0.9, 0.1);

-- --------------------------------------------------------

--
-- Table structure for table `penyakit`
--

CREATE TABLE `penyakit` (
  `id_penyakit` int(12) NOT NULL,
  `kode_penyakit` varchar(100) NOT NULL,
  `nama_penyakit` varchar(100) NOT NULL
) ENGINE=InnoDB DEFAULT CHARSET=latin1;

--
-- Dumping data for table `penyakit`
--

INSERT INTO `penyakit` (`id_penyakit`, `kode_penyakit`, `nama_penyakit`) VALUES
(1, 'A', 'Anemia'),
(2, 'B', 'Bronkhitis'),
(3, 'D', 'Demam'),
(4, 'F', 'Flu'),
(5, 'G', 'Coba Penyakit');

--
-- Indexes for dumped tables
--

--
-- Indexes for table `admin_accounts`
--
ALTER TABLE `admin_accounts`
  ADD PRIMARY KEY (`id`),
  ADD UNIQUE KEY `user_name` (`user_name`);

--
-- Indexes for table `artikel`
--
ALTER TABLE `artikel`
  ADD PRIMARY KEY (`id_artikel`);

--
-- Indexes for table `customers`
--
ALTER TABLE `customers`
  ADD PRIMARY KEY (`id`);

--
-- Indexes for table `gejala`
--
ALTER TABLE `gejala`
  ADD PRIMARY KEY (`id_gejala`);

--
-- Indexes for table `pengetahuan`
--
ALTER TABLE `pengetahuan`
  ADD PRIMARY KEY (`id_pengetahuan`);

--
-- Indexes for table `penyakit`
--
ALTER TABLE `penyakit`
  ADD PRIMARY KEY (`id_penyakit`);

--
-- AUTO_INCREMENT for dumped tables
--

--
-- AUTO_INCREMENT for table `admin_accounts`
--
ALTER TABLE `admin_accounts`
  MODIFY `id` int(25) NOT NULL AUTO_INCREMENT, AUTO_INCREMENT=7;

--
-- AUTO_INCREMENT for table `artikel`
--
ALTER TABLE `artikel`
  MODIFY `id_artikel` int(11) NOT NULL AUTO_INCREMENT, AUTO_INCREMENT=3;

--
-- AUTO_INCREMENT for table `customers`
--
ALTER TABLE `customers`
  MODIFY `id` int(10) NOT NULL AUTO_INCREMENT, AUTO_INCREMENT=49;

--
-- AUTO_INCREMENT for table `gejala`
--
ALTER TABLE `gejala`
  MODIFY `id_gejala` int(12) NOT NULL AUTO_INCREMENT, AUTO_INCREMENT=8;

--
-- AUTO_INCREMENT for table `pengetahuan`
--
ALTER TABLE `pengetahuan`
  MODIFY `id_pengetahuan` int(11) NOT NULL AUTO_INCREMENT, AUTO_INCREMENT=17;

--
-- AUTO_INCREMENT for table `penyakit`
--
ALTER TABLE `penyakit`
  MODIFY `id_penyakit` int(12) NOT NULL AUTO_INCREMENT, AUTO_INCREMENT=6;
COMMIT;

/*!40101 SET CHARACTER_SET_CLIENT=@OLD_CHARACTER_SET_CLIENT */;
/*!40101 SET CHARACTER_SET_RESULTS=@OLD_CHARACTER_SET_RESULTS */;
/*!40101 SET COLLATION_CONNECTION=@OLD_COLLATION_CONNECTION */;
